{"mean":{"confidence_interval":{"confidence_level":0.95,"lower_bound":1020576.8120204487,"upper_bound":1031349.7867290315},"point_estimate":1025980.9293549486,"standard_error":2732.904864634797},"median":{"confidence_interval":{"confidence_level":0.95,"lower_bound":1021893.25,"upper_bound":1034256.8192528735},"point_estimate":1027993.1523148149,"standard_error":3149.744984407961},"median_abs_dev":{"confidence_interval":{"confidence_level":0.95,"lower_bound":15625.22347223641,"upper_bound":30555.90771397906},"point_estimate":20240.219507330985,"standard_error":3833.2738773654787},"slope":{"confidence_interval":{"confidence_level":0.95,"lower_bound":1027633.1976448015,"upper_bound":1040304.3068307431},"point_estimate":1034135.4093719522,"standard_error":3231.5640124900474},"std_dev":{"confidence_interval":{"confidence_level":0.95,"lower_bound":23261.676879059716,"upper_bound":31457.12901860668},"point_estimate":27510.88292907078,"standard_error":2076.422750542962}}