{"mean":{"confidence_interval":{"confidence_level":0.95,"lower_bound":15125904.8325,"upper_bound":15192579.6255},"point_estimate":15159020.205,"standard_error":17082.613466955576},"median":{"confidence_interval":{"confidence_level":0.95,"lower_bound":15094417.0,"upper_bound":15196464.0},"point_estimate":15136136.25,"standard_error":29267.63068704696},"median_abs_dev":{"confidence_interval":{"confidence_level":0.95,"lower_bound":148040.57257175446,"upper_bound":227787.79970470793},"point_estimate":191450.72915107012,"standard_error":21092.02780823823},"slope":null,"std_dev":{"confidence_interval":{"confidence_level":0.95,"lower_bound":151041.07097649088,"upper_bound":191573.44563334252},"point_estimate":172458.25136017363,"standard_error":10372.631969824159}}